artist	album	year	track_title	producer	arranger	composer	other_roles
Cat Stevens	Back To The Earth	1978	Father	FALSE	TRUE	FALSE	
Graham Dee	Somethin' Else	1978	Cheatin' On Love	TRUE	TRUE	FALSE	
Graham Dee	Somethin' Else	1978	Lifetime With You	TRUE	TRUE	FALSE	
Graham Dee	Somethin' Else	1978	Rain	TRUE	TRUE	TRUE	
Graham Dee	Somethin' Else	1978	Love Where Are You Now	TRUE	TRUE	FALSE	
Graham Dee	Somethin' Else	1978	Falling	TRUE	TRUE	FALSE	
Graham Dee	Somethin' Else	1978	Somethin' Else	TRUE	TRUE	FALSE	
Graham Dee	Somethin' Else	1978	As Long As I'M Close To You	TRUE	TRUE	FALSE	
Graham Dee	Somethin' Else	1978	Time	TRUE	TRUE	TRUE	
Graham Dee	Somethin' Else	1978	Couldn'T Believe My Eyes	TRUE	TRUE	FALSE	
Graham Dee	Somethin' Else	1978	Starlight Starbright	TRUE	TRUE	FALSE	
Graham Dee	Somethin' Else	1978	Another Night Alone	TRUE	TRUE	FALSE	
Tina Turner	Love Explosion	1978	Sunset On Sunset	FALSE	FALSE	TRUE	
"Alpha Omega Feat: Cat Stevens, David Essex, Gloria Jones"	Alpha Omega: A Musical Revelation	1979	I Who Am I	FALSE	TRUE	FALSE	
"Alpha Omega Feat: Cat Stevens, David Essex, Gloria Jones"	Alpha Omega: A Musical Revelation	1979	Inventions	FALSE	TRUE	FALSE	
"Alpha Omega Feat: Cat Stevens, David Essex, Gloria Jones"	Alpha Omega: A Musical Revelation	1979	Child For A Day	FALSE	TRUE	FALSE	
"Alpha Omega Feat: Cat Stevens, David Essex, Gloria Jones"	Alpha Omega: A Musical Revelation	1979	Music Is The 7Th Wonder	FALSE	TRUE	FALSE	
"Alpha Omega Feat: Cat Stevens, David Essex, Gloria Jones"	Alpha Omega: A Musical Revelation	1979	I Wish If Had To Die War	FALSE	TRUE	FALSE	
"Alpha Omega Feat: Cat Stevens, David Essex, Gloria Jones"	Alpha Omega: A Musical Revelation	1979	I Believe	FALSE	TRUE	FALSE	
Craig Pruess	Single	1979	Moving In The Direction Of Love	TRUE	TRUE	FALSE	
Pat Metheny	American Garage	1979	Cross The Heartland	FALSE	FALSE	FALSE	Co-Producer
Pat Metheny	American Garage	1979	Airstream	FALSE	FALSE	FALSE	Co-Producer
Pat Metheny	American Garage	1979	The Search	FALSE	FALSE	FALSE	Co-Producer
Pat Metheny	American Garage	1979	American Garage	FALSE	FALSE	FALSE	Co-Producer
Pat Metheny	American Garage	1979	The Epic	FALSE	FALSE	FALSE	Co-Producer
Sarah Brightman & Hot Gossip	Single	1979	I Lost My Heart To A Starship Trooper	FALSE	TRUE	FALSE	Guitar
Sarah Brightman & The Starship Troopers	Single	1979	Adventures Of The Love Crusader	FALSE	TRUE	FALSE	
Sarah Brightman & The Starship Troopers	Single	1979	Lost In Space (The Nurgon Zone)	FALSE	TRUE	FALSE	
Waldorf-Travers	Night Blindness	1979	Night Blindness	FALSE	TRUE	FALSE	
Waldorf-Travers	Night Blindness	1979	Big Time American Girl	FALSE	TRUE	FALSE	
Waldorf-Travers	Night Blindness	1979	Turn Out The Night	FALSE	TRUE	FALSE	
Waldorf-Travers	Night Blindness	1979	Sad State Of Affairs	FALSE	TRUE	FALSE	
Hi-Tek	Hi-Tek	1981	Longview	TRUE	TRUE	TRUE	Guitar
Hi-Tek	Hi-Tek	1981	Car Tune	TRUE	TRUE	TRUE	Guitar
Hi-Tek	Hi-Tek	1981	The Rack	TRUE	TRUE	TRUE	Guitar
Hi-Tek	Hi-Tek	1981	Empathy	TRUE	TRUE	TRUE	Guitar
Hi-Tek	Hi-Tek	1981	Take The A Side	TRUE	TRUE	TRUE	Guitar
Hi-Tek	Hi-Tek	1981	The Sick Groove	TRUE	TRUE	TRUE	Guitar
Hi-Tek	Hi-Tek	1981	Blue Movies	TRUE	TRUE	TRUE	Guitar
Hi-Tek	Hi-Tek	1981	The New Yorker	TRUE	TRUE	TRUE	Guitar
Hi-Tek	Hi-Tek	1981	Free Fall	TRUE	TRUE	TRUE	Guitar
Hi-Tek	Hi-Tek	1981	For You	TRUE	TRUE	TRUE	Guitar
Leslie Mckeown	Heart Control	1981	Roller Days (Bcr Medley)	FALSE	TRUE	FALSE	
Leslie Mckeown	Heart Control	1981	Heatwave	FALSE	TRUE	FALSE	
Leslie Mckeown	Heart Control	1981	Heartache Tonight	FALSE	TRUE	FALSE	
Leslie Mckeown	Heart Control	1981	Underground	FALSE	TRUE	TRUE	
Leslie Mckeown	Heart Control	1981	Just When I Needed You Most	FALSE	TRUE	FALSE	
Leslie Mckeown	Heart Control	1981	Can'T We Talk It Over	FALSE	TRUE	FALSE	
Leslie Mckeown	Heart Control	1981	Gonna Make You An Offer You Can'T Refuse	FALSE	TRUE	FALSE	
Leslie Mckeown	Heart Control	1981	Heart Control	FALSE	TRUE	TRUE	
Leslie Mckeown	Heart Control	1981	Got To Believe In Something	FALSE	TRUE	FALSE	
Leslie Mckeown	Heart Control	1981	The Wanderer	FALSE	TRUE	FALSE	
Gilbert O'Sullivan	Life & Rhymes	1982	A Minute Of Your Time	FALSE	TRUE	FALSE	
Gilbert O'Sullivan	Life & Rhymes	1982	Is It A Crime	FALSE	TRUE	FALSE	
Gilbert O'Sullivan	Life & Rhymes	1982	Got To Be That Way	FALSE	TRUE	FALSE	
Gilbert O'Sullivan	Life & Rhymes	1982	At Least I'M Honest	FALSE	TRUE	FALSE	
Jim Mullen	Thumbs Up	1982	Blue Montreaux	TRUE	TRUE	FALSE	
Jim Mullen	Thumbs Up	1982	Fall	TRUE	TRUE	FALSE	
Jim Mullen	Thumbs Up	1982	As If You Read My Mind	TRUE	TRUE	FALSE	
Jim Mullen	Thumbs Up	1982	Crepescule	TRUE	TRUE	FALSE	
Jim Mullen	Thumbs Up	1982	Thumbs Up	TRUE	TRUE	FALSE	
Jim Mullen	Thumbs Up	1982	Herbal Scent	TRUE	TRUE	FALSE	
Jim Mullen	Thumbs Up	1982	Friends	TRUE	TRUE	FALSE	
Jim Mullen	Thumbs Up	1982	Beauty & The Beast	TRUE	TRUE	FALSE	
Morrissey-Mullen	It'S About Time	1982	It'S About Time	TRUE	TRUE	TRUE	
Morrissey-Mullen	It'S About Time	1982	Bladerunner	TRUE	TRUE	FALSE	
Morrissey-Mullen	It'S About Time	1982	I Pull The Strings	TRUE	TRUE	TRUE	
Morrissey-Mullen	It'S About Time	1982	Above The Clouds	TRUE	TRUE	TRUE	
Morrissey-Mullen	It'S About Time	1982	Stop And Look Around	TRUE	TRUE	FALSE	
Morrissey-Mullen	It'S About Time	1982	Ounce Of Bounce	TRUE	TRUE	TRUE	
Morrissey-Mullen	It'S About Time	1982	So So Fine	TRUE	TRUE	FALSE	
Morrissey-Mullen	It'S About Time	1982	Ol' Sax And Captain Axe	TRUE	TRUE	FALSE	
Morrissey-Mullen	It'S About Time	1982	Why Does It Always Happen To Me	TRUE	TRUE	TRUE	
Morrissey-Mullen	It'S About Time	1982	Do I Do	TRUE	TRUE	FALSE	
Randy Edleman	On Time	1982	Nobody Made Me	FALSE	TRUE	FALSE	
Randy Edleman	On Time	1982	Please Don'T Stop Remembering	FALSE	TRUE	FALSE	
Randy Edleman	On Time	1982	Half Heaven-Half Heartache	FALSE	TRUE	FALSE	
Randy Edleman	On Time	1982	A Thanksgiving Prayer	FALSE	TRUE	FALSE	
Randy Edleman	On Time	1982	Katie Go	FALSE	TRUE	FALSE	
Randy Edleman	On Time	1982	Wings	FALSE	TRUE	FALSE	
Claire Hammil	Single	1983	24 Hours From Tulsa	TRUE	TRUE	FALSE	
Hubbard'S Cubbard	Hubbard'S Cubbard	1983	Alligator Stomp	TRUE	TRUE	TRUE	
Hubbard'S Cubbard	Hubbard'S Cubbard	1983	Relaxin' Somewhere Else	TRUE	TRUE	TRUE	
Hubbard'S Cubbard	Hubbard'S Cubbard	1983	Newsreal	TRUE	TRUE	FALSE	
Hubbard'S Cubbard	Hubbard'S Cubbard	1983	Dolphy Dancin'	TRUE	FALSE	FALSE	
Hubbard'S Cubbard	Hubbard'S Cubbard	1983	Makaha Sunset	TRUE	FALSE	FALSE	
Hubbard'S Cubbard	Hubbard'S Cubbard	1983	Songs From The Heart Of A Boy	TRUE	TRUE	TRUE	
Judy Mazel	Life In The Slim Lane	1983	Over The Rainbow	FALSE	TRUE	FALSE	
Judy Mazel	Life In The Slim Lane	1983	Why Because I'M Fat	FALSE	TRUE	FALSE	
Judy Mazel	Life In The Slim Lane	1983	I Don'T Like Me	FALSE	TRUE	FALSE	
Judy Mazel	Life In The Slim Lane	1983	Why Can'T I Be Like Other Kids	FALSE	TRUE	FALSE	
Judy Mazel	Life In The Slim Lane	1983	Problems Of Your Own	FALSE	TRUE	FALSE	
Judy Mazel	Life In The Slim Lane	1983	Excuses	FALSE	TRUE	FALSE	
Judy Mazel	Life In The Slim Lane	1983	I Hate Being Fat	FALSE	TRUE	FALSE	
Judy Mazel	Life In The Slim Lane	1983	Positive Talkback	FALSE	TRUE	FALSE	
Judy Mazel	Life In The Slim Lane	1983	Best Friend And Lover	FALSE	TRUE	FALSE	
Judy Mazel	Life In The Slim Lane	1983	Mirror Mirror	FALSE	TRUE	FALSE	
Judy Mazel	Life In The Slim Lane	1983	Insult To Injury	FALSE	TRUE	FALSE	
Judy Mazel	Life In The Slim Lane	1983	Nothing'S Leaving The Planet	FALSE	TRUE	FALSE	
Judy Mazel	Life In The Slim Lane	1983	Hymn For Slim	FALSE	TRUE	FALSE	
Anne Pigalle	Everything Could Be So Perfect	1985	Why Does It Have To Be This Way	FALSE	TRUE	FALSE	
Bill Sharpe	Famous People	1985	The Shuffle	FALSE	TRUE	FALSE	
Bill Sharpe	Famous People	1985	Remix Remake Remodel	FALSE	TRUE	FALSE	
Bill Sharpe	Famous People	1985	Silhouettes	FALSE	TRUE	FALSE	
Bill Sharpe	Famous People	1985	Peace	FALSE	TRUE	FALSE	
Bill Sharpe	Famous People	1985	Washed Away	FALSE	TRUE	FALSE	
Bill Sharpe	Famous People	1985	Fairweather Girl	FALSE	TRUE	FALSE	
Dusty Springfield	Single	1985	Like Butterflies	TRUE	TRUE	FALSE	
Grace Jones	Slave To The Rhythm	1985	Slave To The Rhythm	FALSE	TRUE	FALSE	
Grace Jones	Slave To The Rhythm	1985	Jones The Rhythm	FALSE	TRUE	FALSE	
Grace Jones	Slave To The Rhythm	1985	Ladies And Gentlemen: Miss Grace Jones	FALSE	TRUE	FALSE	
Hubbard'S Cubbard	Nip It In The Bud	1985	Reflexion	TRUE	FALSE	TRUE	
Hubbard'S Cubbard	Nip It In The Bud	1985	Can'T Find The Time	TRUE	FALSE	FALSE	
Hubbard'S Cubbard	Nip It In The Bud	1985	Shrinkrap	TRUE	TRUE	TRUE	
Hubbard'S Cubbard	Nip It In The Bud	1985	Nip It In The Bud	TRUE	FALSE	FALSE	
Hubbard'S Cubbard	Nip It In The Bud	1985	Auspicious Romance	TRUE	FALSE	TRUE	
Hubbard'S Cubbard	Nip It In The Bud	1985	Drivin' The Porcelain Bus	TRUE	TRUE	TRUE	
Marlene	Be Pop	1985	What Are We Waiting For?	FALSE	FALSE	TRUE	
Berlin	Count 3 And Pray	1986	"Sex Me, Talk Me"	FALSE	TRUE	FALSE	
Frankie Goes To Hollywood	Liverpool	1986	Watching The Wildlife	FALSE	TRUE	FALSE	
Heaven 17 Feat. Jimmy Ruffin	Single	1986	The Foolish Thing To Do	FALSE	TRUE	FALSE	
Paul Mccartney	Single	1986	Linda	TRUE	TRUE	FALSE	
Simon Andrew	Single	1986	I Won'T Call You	TRUE	TRUE	FALSE	
Simon Andrew	Single	1986	Chain Reaction	TRUE	TRUE	FALSE	
Simon Andrew	Single	1986	So Confused	TRUE	TRUE	FALSE	
Abc	Alphabet City	1987	The Night You Murdered Love	FALSE	TRUE	FALSE	
Abc	Alphabet City	1987	When Smokey Sings	FALSE	TRUE	FALSE	
Clannad	Sirius	1987	Turning Tide	FALSE	TRUE	FALSE	
Curiosity Killed The Cat	Single	1987	Ordinary Day	FALSE	TRUE	FALSE	
Five Star	Between The Lines	1987	Like Giving Love	FALSE	TRUE	FALSE	
Jakie Graham	Breaking Away	1987	Breaking Away	FALSE	TRUE	FALSE	
Jakie Graham	Breaking Away	1987	Set Me Free	FALSE	TRUE	FALSE	
Sheena Easton	Madness Money & Music	1987	There When I Needed You	FALSE	TRUE	FALSE	
Swing Out Sister	It'S Better To Travel	1987	Breakout	FALSE	TRUE	FALSE	Liner Notes
Swing Out Sister	It'S Better To Travel	1987	Twilight World	FALSE	TRUE	FALSE	Liner Notes
Swing Out Sister	It'S Better To Travel	1987	Fooled By A Smile	FALSE	TRUE	FALSE	Liner Notes
Swing Out Sister	It'S Better To Travel	1987	Surrender	FALSE	TRUE	FALSE	Liner Notes
Ellis Beggs & Howard	Homelands	1988		FALSE	TRUE	FALSE	
Pet Shop Boys	Introspective	1988	Left To My Own Devices	FALSE	TRUE	FALSE	
Was (Not Was)	"What Up, Dog?"	1988	Spy In The House Of Love	FALSE	TRUE	FALSE	
Was (Not Was)	"What Up, Dog?"	1988	Anything Can Happen	FALSE	TRUE	FALSE	
Clive Griffin	Step By Step	1989	The Way We Touch	TRUE	TRUE	TRUE	Co-writer
Clive Griffin	Step By Step	1989	Lonely Lady	TRUE	TRUE	TRUE	Co-writer
Clive Griffin	Step By Step	1989	Be There	TRUE	TRUE	TRUE	Co-writer
Clive Griffin	Step By Step	1989	Dancing After Dark	TRUE	TRUE	TRUE	Co-writer
Clive Griffin	Step By Step	1989	In Another Lifetime	TRUE	TRUE	TRUE	Co-writer
Clive Griffin	Step By Step	1989	Don'T Make Me Wait	TRUE	TRUE	TRUE	Co-writer
Clive Griffin	Step By Step	1989	Head Above Water	TRUE	TRUE	TRUE	Co-writer
Clive Griffin	Step By Step	1989	Try To Be Happy	TRUE	TRUE	TRUE	Co-writer
Clive Griffin	Step By Step	1989	By Heart	TRUE	TRUE	TRUE	Co-writer
Clive Griffin	Step By Step	1989	Love Street	TRUE	TRUE	TRUE	Co-writer
Clive Griffin	Step By Step	1989	Step By Step	TRUE	TRUE	TRUE	Co-writer
Paul Mccartney	Flowers In The Dirt	1989	You Want Her Too	FALSE	TRUE	FALSE	
Swing Out Sister	Kaleidoscope World	1989		FALSE	TRUE	FALSE	
Tears For Fears	Sowing The Seeds Of Love	1989	Sowing The Seeds Of Love	FALSE	TRUE	FALSE	
Tears For Fears	Sowing The Seeds Of Love	1989	Advice For The Young At Heart	FALSE	TRUE	FALSE	
Valeriya	The Taiga Symphony	1989	The Sky Belongs To Me	FALSE	FALSE	FALSE	Lyrics (all songs)
Valeriya	The Taiga Symphony	1989	I Will Travel On	FALSE	FALSE	FALSE	Lyrics (all songs)
Valeriya	The Taiga Symphony	1989	Song Of The City	FALSE	FALSE	FALSE	Lyrics (all songs)
Valeriya	The Taiga Symphony	1989	Stay With Me	FALSE	FALSE	FALSE	Lyrics (all songs)
Valeriya	The Taiga Symphony	1989	Believing	FALSE	FALSE	FALSE	Lyrics (all songs)
Valeriya	The Taiga Symphony	1989	I Love New York	FALSE	FALSE	FALSE	Lyrics (all songs)
Valeriya	The Taiga Symphony	1989	It'S Over	FALSE	FALSE	FALSE	Lyrics (all songs)
Valeriya	The Taiga Symphony	1989	The Return	FALSE	FALSE	FALSE	Lyrics (all songs)
Valeriya	The Taiga Symphony	1989	Show Me The Way	FALSE	FALSE	FALSE	Lyrics (all songs)
Valeriya	The Taiga Symphony	1989	Looking Inward	FALSE	FALSE	FALSE	Lyrics (all songs)
Workshy	Single	1989	Sleep Walking	TRUE	TRUE	FALSE	
Bandzilla	Blue Movies	1990	Slave To The Rhythm	TRUE	TRUE	TRUE	
Bandzilla	Blue Movies	1990	For You	TRUE	TRUE	TRUE	
Bandzilla	Blue Movies	1990	Don'T Touch That Dial	TRUE	TRUE	TRUE	
Bandzilla	Blue Movies	1990	Brief Encounter	TRUE	TRUE	TRUE	
Bandzilla	Blue Movies	1990	Breakout	TRUE	TRUE	TRUE	
Bandzilla	Blue Movies	1990	Will Power	TRUE	TRUE	TRUE	
Bandzilla	Blue Movies	1990	Alligator Stomp	TRUE	TRUE	TRUE	
Bandzilla	Blue Movies	1990	Never Too Late	TRUE	TRUE	TRUE	
Gloria Gaynor	Hit Collection	1990	Eye Of The Tiger	FALSE	TRUE	FALSE	
Gloria Gaynor	Hit Collection	1990	Every Breath You Take	FALSE	TRUE	FALSE	
Gloria Gaynor	Hit Collection	1990	Broken Wings	FALSE	TRUE	FALSE	
Gloria Gaynor	Hit Collection	1990	What A Wonderful World	FALSE	TRUE	FALSE	
Gloria Gaynor	Hit Collection	1990	I Want To Know What Love Is	FALSE	TRUE	FALSE	
Gloria Gaynor	Hit Collection	1990	Feel So Real	FALSE	TRUE	FALSE	
Gloria Gaynor	Hit Collection	1990	He'S Out Of My Life	FALSE	TRUE	FALSE	
Gloria Gaynor	Hit Collection	1990	Everytime You Go Away	FALSE	TRUE	FALSE	
Gloria Gaynor	Hit Collection	1990	Careless Whisper	FALSE	TRUE	FALSE	
Gloria Gaynor	Hit Collection	1990	The Heat Is On	FALSE	TRUE	FALSE	
Gloria Gaynor	Hit Collection	1990	Suddenly	FALSE	TRUE	FALSE	
Gloria Gaynor	Hit Collection	1990	The Power Of Love	FALSE	TRUE	FALSE	
Gloria Gaynor	Hit Collection	1990	Don'T Dare Call It Love	FALSE	TRUE	FALSE	
Gloria Gaynor	Hit Collection	1990	Medley: I Will Survive	FALSE	TRUE	FALSE	
Gloria Gaynor	Hit Collection	1990	Never Can Say Goodbye	FALSE	TRUE	FALSE	
Gloria Gaynor	Hit Collection	1990	Reach Out I'Ll Be There	FALSE	TRUE	FALSE	
Gloria Gaynor	Hit Collection	1990	I Am What I Am	FALSE	TRUE	FALSE	
Silje	Tell Me Where You'Re Going	1990	Tell Me Where You'Re Going	TRUE	TRUE	TRUE	
Silje	Tell Me Where You'Re Going	1990	Fall	TRUE	TRUE	TRUE	
Silje	Tell Me Where You'Re Going	1990	Roundabout	TRUE	TRUE	FALSE	
Silje	Tell Me Where You'Re Going	1990	The Middle Of Love	TRUE	TRUE	TRUE	
Silje	Tell Me Where You'Re Going	1990	Move Along Ruby	TRUE	TRUE	FALSE	
Silje	Tell Me Where You'Re Going	1990	The Meter'S Running	TRUE	TRUE	TRUE	
Silje	Tell Me Where You'Re Going	1990	Welcome To Another Day	TRUE	TRUE	FALSE	
Silje	Tell Me Where You'Re Going	1990	Faces	TRUE	TRUE	FALSE	
Silje	Tell Me Where You'Re Going	1990	Louie Come Back	TRUE	TRUE	TRUE	
Silje	Tell Me Where You'Re Going	1990	For Tomorrow	TRUE	TRUE	TRUE	
Silje	Tell Me Where You'Re Going	1990	Marlena	TRUE	TRUE	FALSE	
Silje	Tell Me Where You'Re Going	1990	Waltz For You	TRUE	TRUE	FALSE	
Silje & Pat Metheny	Single	1990	Tell Me Where You'Re Going	TRUE	TRUE	TRUE	Keyboards
Wop Bop Torledo	Wop Bop Torledo	1990	Kiissaway	FALSE	TRUE	FALSE	
Wop Bop Torledo	Wop Bop Torledo	1990	Methinks I Love You	FALSE	TRUE	FALSE	
Wop Bop Torledo	Wop Bop Torledo	1990	Still Something Special	FALSE	TRUE	FALSE	
Wop Bop Torledo	Wop Bop Torledo	1990	Take Me While The Going'S Good	FALSE	TRUE	FALSE	
Wop Bop Torledo	Wop Bop Torledo	1990	Long Walk Home	FALSE	TRUE	FALSE	
Clive Griffin	Inside Out	1991	I'Ll Be Waiting	FALSE	TRUE	TRUE	
Clive Griffin	Inside Out	1991	Take A Little Time	FALSE	TRUE	TRUE	
Clive Griffin	Inside Out	1991	Reach For The Top	FALSE	TRUE	TRUE	
Clive Griffin	Inside Out	1991	Heaven Can Wait	FALSE	TRUE	TRUE	
Clive Griffin	Inside Out	1991	I Wanna Feel Love	FALSE	TRUE	FALSE	
Clive Griffin	Inside Out	1991	Make Me Believe	FALSE	TRUE	TRUE	
Clive Griffin	Inside Out	1991	Don'T Make Me Cry	FALSE	TRUE	TRUE	
Clive Griffin	Inside Out	1991	I Am	FALSE	TRUE	TRUE	
Kiri Te Kanawa	Single	1991	World In Union	FALSE	TRUE	FALSE	
Pet Shop Boys	Discography	1991	Left To My Own Devices	FALSE	TRUE	FALSE	
Pet Shop Boys	Was It Worth It? #2	1991	Overture To Performance	TRUE	TRUE	FALSE	
Pet Shop Boys	Dj Culture	1991	Overture To Performance	TRUE	TRUE	FALSE	
Silje	Silje	1991	Collage	TRUE	TRUE	TRUE	
Silje	Silje	1991	What Is Bobby Doin'?	TRUE	TRUE	TRUE	
Silje	Silje	1991	Won'T Give Up	TRUE	TRUE	FALSE	
Silje	Silje	1991	We'Ll Be Friends Tomorrow	TRUE	TRUE	FALSE	
Silje	Silje	1991	I'Ve Loved You	TRUE	TRUE	FALSE	
Silje	Silje	1991	Holding Back Inside	TRUE	TRUE	TRUE	
Silje	Silje	1991	Walking Behind You	TRUE	TRUE	TRUE	
Silje	Silje	1991	Girl On Your Doorstep	TRUE	TRUE	TRUE	
Silje	Silje	1991	I Need Your Love	TRUE	TRUE	FALSE	
Silje	Silje	1991	I'M Your Girl	TRUE	TRUE	TRUE	
Silje	Silje	1991	Kyoto Wind	TRUE	TRUE	TRUE	
Silje	Silje	1991	Quiet Place	TRUE	TRUE	TRUE	
Silje	Silje	1991	Where You Are (Duet With Morten Harket)	TRUE	TRUE	TRUE	
Wet Wet Wet	Holding Back The River	1991	Hold Back The River	FALSE	TRUE	FALSE	
Betty Boo	Grrr! It'S Betty Boo	1992	I'M On My Way	FALSE	TRUE	FALSE	
Betty Boo	Grrr! It'S Betty Boo	1992	Hangover	FALSE	TRUE	FALSE	
The Troggs With Oliver Reed	Single	1992	Wild Thing	TRUE	FALSE	FALSE	
Cilla Black	Through The Years	1993	Through The Years	FALSE	TRUE	FALSE	
Cilla Black	Through The Years	1993	Anyone Who Had A Heart	FALSE	TRUE	FALSE	
Cilla Black	Through The Years	1993	You'Re My World	FALSE	TRUE	FALSE	
Cilla Black	Through The Years	1993	That'S What Friends Are For	FALSE	TRUE	FALSE	
Cilla Black	Through The Years	1993	Heart & Soul	FALSE	TRUE	FALSE	
Cilla Black	Through The Years	1993	You'Ll Never Walk Alone	FALSE	TRUE	FALSE	
Clive Griffin	Parlophone	1993	I'Ll Be Waiting	FALSE	TRUE	TRUE	
"Mayumi Featuring Silje, Richard Darbyshire, Pat Kane"	The Art Of Romance	1993	The Art Of Romance	TRUE	TRUE	TRUE	
"Mayumi Featuring Silje, Richard Darbyshire, Pat Kane"	The Art Of Romance	1993	Since Last Night	TRUE	TRUE	FALSE	
"Mayumi Featuring Silje, Richard Darbyshire, Pat Kane"	The Art Of Romance	1993	Get Back To Myself	TRUE	TRUE	FALSE	
"Mayumi Featuring Silje, Richard Darbyshire, Pat Kane"	The Art Of Romance	1993	Healing Rain	TRUE	TRUE	FALSE	
"Mayumi Featuring Silje, Richard Darbyshire, Pat Kane"	The Art Of Romance	1993	Picture Of You	TRUE	TRUE	FALSE	
"Mayumi Featuring Silje, Richard Darbyshire, Pat Kane"	The Art Of Romance	1993	Still Time For Love	TRUE	TRUE	FALSE	
"Mayumi Featuring Silje, Richard Darbyshire, Pat Kane"	The Art Of Romance	1993	Woman	TRUE	TRUE	FALSE	
"Mayumi Featuring Silje, Richard Darbyshire, Pat Kane"	The Art Of Romance	1993	Like My First Love	TRUE	TRUE	TRUE	
"Mayumi Featuring Silje, Richard Darbyshire, Pat Kane"	The Art Of Romance	1993	Republic Of Love	TRUE	TRUE	FALSE	
"Mayumi Featuring Silje, Richard Darbyshire, Pat Kane"	The Art Of Romance	1993	Through Time	TRUE	TRUE	FALSE	
Michael Ruff	Michael Ruff Band	1993	Cryin' All Over The World	TRUE	TRUE	FALSE	
Michael Ruff	Michael Ruff Band	1993	I'D Still Be Loving You	TRUE	TRUE	FALSE	
Michael Ruff	Michael Ruff Band	1993	Any Less Than This	TRUE	TRUE	FALSE	
Michael Ruff	Michael Ruff Band	1993	Seeing For The Very First Time	TRUE	TRUE	FALSE	
Michael Ruff	Michael Ruff Band	1993	Talkin' To Myself	TRUE	TRUE	FALSE	
Michael Ruff	Michael Ruff Band	1993	Once In A Lifetime	TRUE	TRUE	FALSE	
Michael Ruff	Michael Ruff Band	1993	Come Together	TRUE	TRUE	FALSE	
Michael Ruff	Michael Ruff Band	1993	Watching Like Angels	TRUE	TRUE	FALSE	
Michael Ruff	Michael Ruff Band	1993	Stars In My Eyes	TRUE	TRUE	FALSE	
Michael Ruff	Michael Ruff Band	1993	Tribute To You	TRUE	TRUE	FALSE	
Osny Melo	Magic Rhythm	1993	End Of The Line	TRUE	FALSE	TRUE	
Pet Shop Boys	Very	1993	Go West	FALSE	TRUE	FALSE	
Silje	Cow On The Highway	1993	Cow On The Highway	TRUE	TRUE	TRUE	
Silje	Cow On The Highway	1993	Break All The Rules	TRUE	TRUE	TRUE	
Silje	Cow On The Highway	1993	Crazy Ocean	TRUE	TRUE	FALSE	
Silje	Cow On The Highway	1993	So Many Roads To Sorrow	TRUE	TRUE	TRUE	
Silje	Cow On The Highway	1993	Call From New York	TRUE	TRUE	FALSE	
Silje	Cow On The Highway	1993	All Over Town	TRUE	TRUE	TRUE	
Silje	Cow On The Highway	1993	Be Good Or Be Gone	TRUE	TRUE	FALSE	
Silje	Cow On The Highway	1993	Sorry	TRUE	TRUE	TRUE	
Silje	Cow On The Highway	1993	Care	TRUE	TRUE	TRUE	
Silje	Cow On The Highway	1993	Someone'S Got To Hold Her	TRUE	TRUE	FALSE	
Silje	Cow On The Highway	1993	On And On	TRUE	TRUE	FALSE	
Ultravox	Revelation	1993	I Am Alive	FALSE	TRUE	FALSE	
Wet Wet Wet	End Of Part 1	1993	Wishing I Was Lucky	FALSE	TRUE	FALSE	
Wet Wet Wet	End Of Part 1	1993	Angel Eyes	FALSE	TRUE	FALSE	
Wet Wet Wet	End Of Part 1	1993	Hold Back The River	FALSE	TRUE	FALSE	
Hue & Cry	Showtime!	1994	Just Say You Love Me	TRUE	TRUE	TRUE	
Hue & Cry	Showtime!	1994	Tinsel Show	TRUE	TRUE	FALSE	
Hue & Cry	Showtime!	1994	Bring Me Home	TRUE	TRUE	TRUE	
Hue & Cry	Showtime!	1994	Wrong Question Right Answer	TRUE	TRUE	TRUE	
Hue & Cry	Showtime!	1994	He Said She Said	TRUE	TRUE	TRUE	
Hue & Cry	Showtime!	1994	Cynical	TRUE	TRUE	FALSE	
Hue & Cry	Showtime!	1994	Perfect Life	TRUE	TRUE	FALSE	
Hue & Cry	Showtime!	1994	Hannah & James	TRUE	TRUE	FALSE	
Hue & Cry	Showtime!	1994	Shadow Of A Man	TRUE	TRUE	FALSE	
Hue & Cry	Showtime!	1994	St. Christopher	TRUE	TRUE	FALSE	
Hue & Cry	Showtime!	1994	Bright Young Thing	TRUE	TRUE	FALSE	
Kylie Minogue	Kylie Minogue	1994	Dangerous Game	FALSE	TRUE	FALSE	
Pet Shop Boys	Yesterday When I Was Mad	1995	Can You Forgive Her?	TRUE	TRUE	FALSE	
Pet Shop Boys	Yesterday When I Was Mad	1995	If Love Were All	TRUE	TRUE	FALSE	
Pet Shop Boys	Alternative	1995	Decadence	FALSE	TRUE	FALSE	
Pet Shop Boys	Cd Single #1 & 2	1995	Somewhere	FALSE	TRUE	FALSE	
Take That	Nobody Else	1995	Sunday To Saturday	FALSE	TRUE	FALSE	
Take That	Nobody Else	1995	Holding Back The Tears	FALSE	TRUE	FALSE	
Casiopea	Super Best Of Casiopea	1996	London Jam	FALSE	TRUE	FALSE	
Cat Stevens	Back To The Earth	1996	Father	FALSE	TRUE	FALSE	
Caught In The Act	Forever Friends	1996	Silently	FALSE	TRUE	FALSE	
Caught In The Act	Forever Friends	1996	A Matter Of Time	FALSE	TRUE	FALSE	
Caught In The Act	Forever Friends	1996	It Should Be You	FALSE	TRUE	FALSE	
Caught In The Act	Forever Friends	1996	Look For Love	FALSE	TRUE	FALSE	
Caught In The Act	Forever Friends	1996	Bring Back The Love	FALSE	TRUE	FALSE	
Cher	It'S A Man'S World	1996	It'S A Man'S World	FALSE	TRUE	FALSE	
Damage	Damage	1996	Forever	FALSE	TRUE	FALSE	
E17	E17	1996	Holding On	FALSE	TRUE	FALSE	
E17	E17	1996	Thunder	FALSE	TRUE	FALSE	
Ray Charles	Strong Love Affair	1996	All She Wants To Do Is Love Me	FALSE	TRUE	TRUE	Co-writer
Ray Charles	Strong Love Affair	1996	No Time To Waste Time	FALSE	TRUE	TRUE	Co-writer
Ray Charles	Strong Love Affair	1996	Everybody'S Handsome Child	FALSE	TRUE	TRUE	Co-writer
Right Said Fred	Smashing	1996	Living On A Dream	FALSE	TRUE	FALSE	
Right Said Fred	Smashing	1996	Those Simple Things	FALSE	TRUE	FALSE	
Tina Turner	Wildest Dreams	1996	Whatever You Want	FALSE	TRUE	FALSE	
Angel On Your Pillow Feat. Little Circus	Angel On Your Pillow Part 1	1997	Angel On Your Pillow	TRUE	TRUE	FALSE	
Angel On Your Pillow Feat. Little Circus	Angel On Your Pillow Part 1	1997	I'Ll Never Let You Fall	TRUE	TRUE	FALSE	
Angel On Your Pillow Feat. Little Circus	Angel On Your Pillow Part 1	1997	Sleepy Old Moon	TRUE	TRUE	FALSE	
Angel On Your Pillow Feat. Little Circus	Angel On Your Pillow Part 1	1997	Songbird	TRUE	TRUE	FALSE	
Angel On Your Pillow Feat. Little Circus	Angel On Your Pillow Part 1	1997	Catfish	TRUE	TRUE	FALSE	
Angel On Your Pillow Feat. Little Circus	Angel On Your Pillow Part 1	1997	Shooting Star	TRUE	TRUE	FALSE	
Angel On Your Pillow Feat. Little Circus	Angel On Your Pillow Part 1	1997	Tiny Starfish Hands	TRUE	TRUE	FALSE	
Angel On Your Pillow Feat. Little Circus	Angel On Your Pillow Part 1	1997	Man In The Moon	TRUE	TRUE	FALSE	
Angel On Your Pillow Feat. Little Circus	Angel On Your Pillow Part 1	1997	Sleepyhead	TRUE	TRUE	FALSE	
Angel On Your Pillow Feat. Little Circus	Angel On Your Pillow Part 1	1997	Toy Train	TRUE	TRUE	FALSE	
Angel On Your Pillow Feat. Little Circus	Angel On Your Pillow Part 1	1997	A Smile On Your Face	TRUE	TRUE	FALSE	
Angel On Your Pillow Feat. Little Circus	Angel On Your Pillow Part 1	1997	It'S Only The Wind	TRUE	TRUE	FALSE	
Angel On Your Pillow Feat. Little Circus	Angel On Your Pillow Part 1	1997	The Weaver	TRUE	TRUE	FALSE	
Angel On Your Pillow Feat. Little Circus	Angel On Your Pillow Part 1	1997	Dreamboat	TRUE	TRUE	FALSE	
Cozi	Naked Sun	1997	Naked Sun	FALSE	TRUE	FALSE	
Depeche Mode	Home	1997	Only When I Lose Myself	FALSE	TRUE	FALSE	
Eliza	Single	1997	Not Too Young	TRUE	TRUE	TRUE	
Jars Of Clay	Much Afraid	1997	Tea & Sympathy	FALSE	TRUE	FALSE	
Lee-Tzsche	Actually Finally	1997	Actually Finally	TRUE	TRUE	FALSE	
Lee-Tzsche	Actually Finally	1997	Release Your Mind	TRUE	TRUE	FALSE	
Ott	Single	1997	Miss You All Over	FALSE	TRUE	FALSE	
Silje	Norsk Support Collection Feat. Silje	1997	Glade Jul	TRUE	TRUE	FALSE	
A1	Here We Come	1998	Walkin' In The Rain	FALSE	TRUE	FALSE	
A1	Here We Come	1998	Still Around	FALSE	TRUE	FALSE	
A1	Here We Come	1998	Like A Rose	FALSE	TRUE	FALSE	
Ace Of Base & Alliage	Single	1998	Cruel Summer	FALSE	TRUE	FALSE	
Boyzone	Where We Belong	1998	And I	FALSE	TRUE	FALSE	
Boyzone	Where We Belong	1998	Where Did You Go?	FALSE	TRUE	FALSE	
Boyzone	Where We Belong	1998	Good Conversation	FALSE	TRUE	FALSE	
Boyzone	Where We Belong	1998	We Are One	FALSE	TRUE	FALSE	
Donna Lewis	Blue Planet	1998	Falling	FALSE	TRUE	FALSE	
Donna Lewis	Blue Planet	1998	Take Me Home	FALSE	TRUE	FALSE	
Five	Single	1998	When I Remember	FALSE	TRUE	FALSE	
Perri	Do The Right Thing (Original Soundtrack)	1998	Prove To Me	TRUE	TRUE	FALSE	
Peter Cox	Peter Cox	1998	What A Fool Believes	FALSE	TRUE	FALSE	
Richard Niles	Santa Rita	1998	Dessert Suite	TRUE	TRUE	TRUE	
Richard Niles	Santa Rita	1998	Pure Vanilla	TRUE	TRUE	TRUE	
Richard Niles	Santa Rita	1998	Sympathy	TRUE	TRUE	TRUE	
Richard Niles	Santa Rita	1998	The Seduction Of Art	TRUE	TRUE	TRUE	
Richard Niles	Santa Rita	1998	La7	TRUE	TRUE	TRUE	
Richard Niles	Santa Rita	1998	It Never Entered My Mind	TRUE	TRUE	FALSE	
Richard Niles	Santa Rita	1998	Your Heart	TRUE	TRUE	TRUE	
Richard Niles	Santa Rita	1998	Danca Do Mamao	TRUE	TRUE	TRUE	
Richard Niles	Santa Rita	1998	How The Mighty Fall	TRUE	TRUE	TRUE	
Richard Niles	Santa Rita	1998	Black 'N' Shiny	TRUE	TRUE	TRUE	
Richard Niles	Santa Rita	1998	Santa Rita (Pray For Me)	TRUE	TRUE	TRUE	
Seventh Son	Seventh Son	1998	Miracle	FALSE	TRUE	FALSE	
Seventh Son	Seventh Son	1998	Diary	FALSE	TRUE	FALSE	
Seventh Son	Seventh Son	1998	Suzy	FALSE	TRUE	FALSE	
Seventh Son	Seventh Son	1998	Never Felt So Lonely	FALSE	TRUE	FALSE	
Tina Turner	Wildest Dreams	1998	Whatever You Want	FALSE	TRUE	FALSE	
Tony Momrelle	Freetime	1998	Still In Love With You	TRUE	TRUE	FALSE	
Boyzone	Single	1999	When The Going Gets Tough	FALSE	TRUE	FALSE	
Gary Husband	From The Heart	1999	Afro Blue	TRUE	FALSE	FALSE	
Gary Husband	From The Heart	1999	Talkin' 'Bout J.C.	TRUE	FALSE	FALSE	
Ivano Fossati	Canzoni A Raccolta	1999	Canzoni A Raccolta	FALSE	FALSE	FALSE	Conductor
Miriam Stockey	Miriam	1999	Mercy Street	FALSE	TRUE	FALSE	
Miriam Stockey	Miriam	1999	Morte D'Arthur	FALSE	TRUE	FALSE	
Westlife	Westlife	1999	Moments	FALSE	TRUE	FALSE	
Westlife	Westlife	1999	More Than Words	FALSE	TRUE	FALSE	
Westlife	Westlife	1999	I Don'T Wanna Fight	FALSE	TRUE	FALSE	
Westlife	Westlife	1999	That'S What It'S All About	FALSE	TRUE	FALSE	
Wet Wet Wet	"Popped In, Souled Out"	1999	Wishing I Was Lucky	FALSE	TRUE	FALSE	
Wet Wet Wet	"Popped In, Souled Out"	1999	East Of The River	FALSE	TRUE	FALSE	
Wet Wet Wet	"Popped In, Souled Out"	1999	Angel Eyes	FALSE	TRUE	FALSE	
Hamish Stuart	Sooner Or Later	2000	Reach You	FALSE	TRUE	FALSE	Liner Notes
Hamish Stuart	Sooner Or Later	2000	New Kind Of Fool	FALSE	TRUE	FALSE	Liner Notes
Hamish Stuart	Sooner Or Later	2000	Same Old Moon	FALSE	TRUE	FALSE	Liner Notes
Heather Small	Proud	2000	Proud	FALSE	TRUE	FALSE	
Jim Mullen	Burns	2000	Count The Lawin'	TRUE	FALSE	FALSE	
Jim Mullen	Burns	2000	Banks & Braes	TRUE	FALSE	FALSE	
Jim Mullen	Burns	2000	Bonnie Wee Thing	TRUE	FALSE	FALSE	
Jim Mullen	Burns	2000	Comin' Through The Rye	TRUE	FALSE	FALSE	
Jim Mullen	Burns	2000	Willie Gray	TRUE	FALSE	FALSE	
Jim Mullen	Burns	2000	The Lea Rig	TRUE	FALSE	FALSE	
Jim Mullen	Burns	2000	Sweet Afton	TRUE	FALSE	FALSE	
Jim Mullen	Burns	2000	For The Sake O' Somebody	TRUE	FALSE	FALSE	
Jim Mullen	Burns	2000	Lassie Lie Near Me	TRUE	FALSE	FALSE	
Jim Mullen	Burns	2000	A Man'S A Man	TRUE	FALSE	FALSE	
Jim Mullen	Burns	2000	Red Red Rose	TRUE	FALSE	FALSE	
Joe Cocker	No Ordinary World	2000	Soul Rising	FALSE	TRUE	FALSE	
Joe Cocker	No Ordinary World	2000	See A Chance	FALSE	TRUE	FALSE	
Kate Dimbleby	Good Vibrations	2000	Good Vibrations	TRUE	TRUE	TRUE	
Kate Dimbleby	Good Vibrations	2000	That'S Cool	TRUE	TRUE	TRUE	
Kate Dimbleby	Good Vibrations	2000	Almost Blue	TRUE	TRUE	FALSE	
Kate Dimbleby	Good Vibrations	2000	Can'T Get You Out Of My Mind	TRUE	TRUE	FALSE	
Kate Dimbleby	Good Vibrations	2000	San Diego Serenade	TRUE	TRUE	FALSE	
Kate Dimbleby	Good Vibrations	2000	I'M Gonna Leave You	TRUE	TRUE	FALSE	
Kate Dimbleby	Good Vibrations	2000	Fever	TRUE	TRUE	FALSE	
Kate Dimbleby	Good Vibrations	2000	River Man	TRUE	TRUE	FALSE	
Kate Dimbleby	Good Vibrations	2000	I Don'T Know Anything	TRUE	TRUE	TRUE	
Kate Dimbleby	Good Vibrations	2000	I Can Let Go Now	TRUE	TRUE	FALSE	
Mariah Carey & Westlife	Single	2000	Against All Odds	FALSE	TRUE	FALSE	
Richard Niles	Club Deranged	2000	Club Deranged	TRUE	TRUE	TRUE	
Richard Niles	Club Deranged	2000	Compassion'S In Fashion	TRUE	TRUE	TRUE	
Richard Niles	Club Deranged	2000	Tame Thy Pen	TRUE	TRUE	TRUE	
Richard Niles	Club Deranged	2000	Another Country	TRUE	TRUE	TRUE	
Richard Niles	Club Deranged	2000	Sweet Sweet Love	TRUE	TRUE	TRUE	
Richard Niles	Club Deranged	2000	Hope For A Hesychast	TRUE	TRUE	TRUE	
Richard Niles	Club Deranged	2000	Shiver Me	TRUE	TRUE	TRUE	
Richard Niles	Club Deranged	2000	The Fifth Elephant	TRUE	TRUE	TRUE	
Richard Niles	Club Deranged	2000	'Til Heaven'S Here	TRUE	TRUE	TRUE	
Richard Niles	Club Deranged	2000	Jammin' With Symphony Siddhartha	TRUE	TRUE	TRUE	
Richard Niles	Club Deranged	2000	Pie	TRUE	TRUE	TRUE	
Richard Niles	Club Deranged	2000	Three Wishes In A Dream	TRUE	TRUE	TRUE	
Richard Niles	Club Deranged	2000	Only You	TRUE	TRUE	TRUE	
Richard Niles	Club Deranged	2000	Swan Wrap	TRUE	TRUE	TRUE	
Samantha Mumba	Gotta Tell You	2000	Lately	FALSE	TRUE	FALSE	
Stephen Gateley	Billy Eliot (Original Soundtrack)	2000	I Believe	FALSE	TRUE	FALSE	
Westlife	Coast To Coast	2000	What Makes A Man	FALSE	TRUE	FALSE	
Westlife	Coast To Coast	2000	Close	FALSE	TRUE	FALSE	
Westlife	Coast To Coast	2000	Against All Odds	FALSE	TRUE	FALSE	
Westlife	Coast To Coast	2000	Angel'S Wings	FALSE	TRUE	FALSE	
Westlife	Coast To Coast	2000	Close Your Eyes	FALSE	TRUE	FALSE	
Westlife	Coast To Coast	2000	You Make Me Feel	FALSE	TRUE	FALSE	
Westlife	Coast To Coast	2000	No Place That Far	FALSE	TRUE	FALSE	
Westlife	Coast To Coast	2000	Every Little Thing You Do	FALSE	TRUE	FALSE	
Jim Mullen	Animation	2001	One Song	TRUE	FALSE	FALSE	
Jim Mullen	Animation	2001	Everybody Wants To Be A Cat	TRUE	FALSE	FALSE	
Jim Mullen	Animation	2001	A Dream Is A Wish Your Heart Makes	TRUE	FALSE	FALSE	
Jim Mullen	Animation	2001	I'Ve Got No Strings	TRUE	TRUE	FALSE	
Jim Mullen	Animation	2001	The Second Star To The Right	TRUE	FALSE	FALSE	
Jim Mullen	Animation	2001	I'M Wishing	TRUE	FALSE	FALSE	
Jim Mullen	Animation	2001	Baby Mine	TRUE	FALSE	FALSE	
Jim Mullen	Animation	2001	Give A Little Whisle	TRUE	TRUE	FALSE	
Jim Mullen	Animation	2001	You Can Fly	TRUE	FALSE	FALSE	
Jim Mullen	Animation	2001	With A Smile And A Song	TRUE	FALSE	FALSE	
Jim Mullen	Animation	2001	When You Wish Upon A Star	TRUE	FALSE	FALSE	
Joe Venuti/Tony Romano	"Never Before, Never Again Reissue"	2001	You Know You Belong To Somebody Else	TRUE	FALSE	FALSE	"Re-mastering, and Liner Notes"
Joe Venuti/Tony Romano	"Never Before, Never Again Reissue"	2001	Feeling Free And Easy	TRUE	FALSE	FALSE	"Re-mastering, and Liner Notes"
Joe Venuti/Tony Romano	"Never Before, Never Again Reissue"	2001	Almost Like Being In Love	TRUE	FALSE	FALSE	"Re-mastering, and Liner Notes"
Joe Venuti/Tony Romano	"Never Before, Never Again Reissue"	2001	Autumn Leaves	TRUE	FALSE	FALSE	"Re-mastering, and Liner Notes"
Joe Venuti/Tony Romano	"Never Before, Never Again Reissue"	2001	I Want To Be Happy	TRUE	FALSE	FALSE	"Re-mastering, and Liner Notes"
Joe Venuti/Tony Romano	"Never Before, Never Again Reissue"	2001	Summertime	TRUE	FALSE	FALSE	"Re-mastering, and Liner Notes"
Joe Venuti/Tony Romano	"Never Before, Never Again Reissue"	2001	I Remember Joe	TRUE	FALSE	FALSE	"Re-mastering, and Liner Notes"
Joe Venuti/Tony Romano	"Never Before, Never Again Reissue"	2001	Angelina	TRUE	FALSE	FALSE	"Re-mastering, and Liner Notes"
Joe Venuti/Tony Romano	"Never Before, Never Again Reissue"	2001	Interview With Tony Romano	TRUE	FALSE	FALSE	"Re-mastering, and Liner Notes"
Joe Venuti/Tony Romano	"Never Before, Never Again Reissue"	2001	New England In The Fall	TRUE	FALSE	FALSE	"Re-mastering, and Liner Notes"
Joe Venuti/Tony Romano	"Never Before, Never Again Reissue"	2001	Easy To Remember	TRUE	FALSE	FALSE	"Re-mastering, and Liner Notes"
Joe Venuti/Tony Romano	"Never Before, Never Again Reissue"	2001	Tattle Tale Eyes	TRUE	FALSE	FALSE	"Re-mastering, and Liner Notes"
Joe Venuti/Tony Romano	"Never Before, Never Again Reissue"	2001	Johnny Come Lately	TRUE	FALSE	FALSE	"Re-mastering, and Liner Notes"
Kate Winslet	A Christmas Carol	2001	What If	FALSE	TRUE	FALSE	
O-Town	O-Town	2001	All Or Nothing	FALSE	TRUE	FALSE	
Pet Shop Boys	Release	2001	Email	FALSE	TRUE	FALSE	
O-Town	O-Town	2002	All Or Nothing	FALSE	TRUE	FALSE	
Katherine Gang	Laughing At Lonely	2006	All I Want Is You	TRUE	TRUE	TRUE	
Katherine Gang	Laughing At Lonely	2006	Someone Who Loves Me	TRUE	TRUE	TRUE	
Katherine Gang	Laughing At Lonely	2006	Why Is This World So Strange?	TRUE	TRUE	TRUE	
Katherine Gang	Laughing At Lonely	2006	Wall Of Dreams	TRUE	TRUE	TRUE	
Katherine Gang	Laughing At Lonely	2006	I Can'T Let Go	TRUE	TRUE	TRUE	
Katherine Gang	Laughing At Lonely	2006	Blue Organ	TRUE	TRUE	TRUE	
Katherine Gang	Laughing At Lonely	2006	Love'S Got A Grudge	TRUE	TRUE	TRUE	
Katherine Gang	Laughing At Lonely	2006	Give Me The Dream	TRUE	TRUE	TRUE	
Katherine Gang	Laughing At Lonely	2006	For You	TRUE	TRUE	TRUE	
Katherine Gang	Laughing At Lonely	2006	Tame Thy Pen	TRUE	TRUE	TRUE	
Katherine Gang	Laughing At Lonely	2006	So Many Roads To Sorrow	TRUE	TRUE	TRUE	
Katherine Gang	Laughing At Lonely	2006	Boston	TRUE	TRUE	TRUE	
"Alexander Shulgin Feat  Richard Niles Quintet, Bob James, John Patitucci, Bill Cobham"	Tryptich 3	2007	14 Tracks	TRUE	TRUE	FALSE	
David Newton	Portrait Of A Woman	2007	Words Alone Can Never Say	FALSE	TRUE	FALSE	
David Newton	Portrait Of A Woman	2007	Grace	FALSE	TRUE	FALSE	
David Newton	Portrait Of A Woman	2007	Bridges Of Venice	FALSE	TRUE	FALSE	
David Newton	Portrait Of A Woman	2007	Pacific Heights	FALSE	TRUE	FALSE	
The Feeling	Join With Us	2007	This Time	FALSE	TRUE	FALSE	
The Feeling	Single	2008	Is It Christmas	FALSE	TRUE	FALSE	
Younee	True To You	2008	True To You	TRUE	TRUE	TRUE	
Younee	True To You	2008	East-West	TRUE	TRUE	TRUE	
Younee	True To You	2008	Wrong Ain'T Right	TRUE	TRUE	TRUE	
Younee	True To You	2008	Home To You	TRUE	TRUE	TRUE	
Younee	True To You	2008	I'M The One You Want	TRUE	TRUE	TRUE	
Younee	True To You	2008	Tomorrow Today	TRUE	TRUE	TRUE	
Younee	True To You	2008	I Won'T Give Up	TRUE	TRUE	TRUE	
Younee	True To You	2008	Friendly Fire	TRUE	TRUE	TRUE	
Younee	True To You	2008	Dance 'Til You'Re Flyin'	TRUE	TRUE	TRUE	
Younee	True To You	2008	This Is Our Song	TRUE	TRUE	TRUE	
Younee	True To You	2008	Here I Go Again	TRUE	TRUE	TRUE	
Younee	True To You	2008	What Can I Do	TRUE	TRUE	TRUE	
Marti Pellow	Boulevard Of Life	2009	Another Angel Dies	FALSE	TRUE	FALSE	
Marti Pellow	Boulevard Of Life	2009	Christmas	FALSE	TRUE	FALSE	
Marti Pellow	Boulevard Of Life	2009	Country Princess	FALSE	TRUE	FALSE	
Marti Pellow	Boulevard Of Life	2009	Don T Tell Her	FALSE	TRUE	FALSE	
Marti Pellow	Boulevard Of Life	2009	God'S Apology.	FALSE	TRUE	FALSE	
Marti Pellow	Boulevard Of Life	2009	Goodbye	FALSE	TRUE	FALSE	
Marti Pellow	Boulevard Of Life	2009	Jessie Lee	FALSE	TRUE	FALSE	
Marti Pellow	Boulevard Of Life	2009	Lay With Me	FALSE	TRUE	FALSE	
Marti Pellow	Boulevard Of Life	2009	Boulevard Of Life	FALSE	TRUE	FALSE	
Marti Pellow	Boulevard Of Life	2009	The Royal Bank	FALSE	TRUE	FALSE	
Marti Pellow	Boulevard Of Life	2009	Where Are You Now	FALSE	TRUE	FALSE	
Paul Mccartney	Mccartney Ii (Deluxe Edition)	2011	Blue Sway	TRUE	TRUE	FALSE	
Polly Rae	The Hurly Burly Show	2011	Bad	FALSE	TRUE	FALSE	
Polly Rae	The Hurly Burly Show	2011	It'S A Sin	FALSE	TRUE	FALSE	
Polly Rae	The Hurly Burly Show	2011	Light My Fire	FALSE	TRUE	FALSE	
Polly Rae	The Hurly Burly Show	2011	Hit Me Baby	FALSE	TRUE	FALSE	
Polly Rae	The Hurly Burly Show	2011	I Must Have That Man	FALSE	TRUE	FALSE	
Polly Rae	The Hurly Burly Show	2011	Love For Sale	FALSE	TRUE	FALSE	
Polly Rae	The Hurly Burly Show	2011	Poor Marie	FALSE	TRUE	FALSE	
Polly Rae	The Hurly Burly Show	2011	Strict Machine	FALSE	TRUE	FALSE	
Polly Rae	The Hurly Burly Show	2011	The Stripper	FALSE	TRUE	FALSE	
Ed Barker	Simple Truth	2012	12 Tracks	TRUE	FALSE	FALSE	
Elaine Gibbs & Bandzilla	Single	2013	Last Vegas	TRUE	TRUE	TRUE	
Paul Carrack	Rain Or Shine	2013	One In A Million	FALSE	TRUE	FALSE	
Paul Carrack	Rain Or Shine	2013	Time Waits For No One	FALSE	TRUE	FALSE	
Paul Carrack	Rain Or Shine	2013	If Loving You Is Wrong	FALSE	TRUE	FALSE	
Paul Carrack	Rain Or Shine	2013	Come Rain Or Come Shine	FALSE	TRUE	FALSE	
Paul Carrack	Rain Or Shine	2013	I'M Losing You	FALSE	TRUE	FALSE	
Paul Carrack	Rain Or Shine	2013	Life'S Too Short	FALSE	TRUE	FALSE	
Paul Carrack	Rain Or Shine	2013	Steppin' Stone	FALSE	TRUE	FALSE	
Paul Carrack	Rain Or Shine	2013	You Don'T Know Me	FALSE	TRUE	FALSE	
Paul Carrack	Soul Shadows	2016	Share Your Love	FALSE	TRUE	FALSE	
Paul Carrack	Soul Shadows	2016	Keep On Loving You	FALSE	TRUE	FALSE	
Paul Carrack	Soul Shadows	2016	Late At Night	FALSE	TRUE	FALSE	
Richard Niles' Bandzilla	Bandzilla Rises!!!	2016	Live As One	TRUE	TRUE	TRUE	
Richard Niles' Bandzilla	Bandzilla Rises!!!	2016	You Can'T Get There From Here	TRUE	TRUE	TRUE	
Richard Niles' Bandzilla	Bandzilla Rises!!!	2016	L.A. Existential	TRUE	TRUE	TRUE	
Richard Niles' Bandzilla	Bandzilla Rises!!!	2016	This World Is Mine	TRUE	TRUE	TRUE	
Richard Niles' Bandzilla	Bandzilla Rises!!!	2016	Compassion'S In Fashion	TRUE	TRUE	TRUE	
Richard Niles' Bandzilla	Bandzilla Rises!!!	2016	Stone Jungle	TRUE	TRUE	TRUE	
Richard Niles' Bandzilla	Bandzilla Rises!!!	2016	The 5Th Elephant	TRUE	TRUE	TRUE	
Richard Niles' Bandzilla	Bandzilla Rises!!!	2016	The Alligator From West 15Th	TRUE	TRUE	TRUE	
Richard Niles' Bandzilla	Bandzilla Rises!!!	2016	Love Don'T Mean A Thing	TRUE	TRUE	TRUE	
Richard Niles' Bandzilla	Bandzilla Rises!!!	2016	Scream & Holler	TRUE	TRUE	TRUE	
Richard Niles' Bandzilla	Bandzilla Rises!!!	2016	Talkin' In Whispers	TRUE	TRUE	TRUE	
Richard Niles' Bandzilla	Bandzilla Rises!!!	2016	Tip For A Toreador	TRUE	TRUE	TRUE	
Richard Niles' Bandzilla	Bandzilla Rises!!!	2016	Why Is This World So Strange?	TRUE	TRUE	TRUE	
Richard Niles' Kool Colossus	This World Is Mine	2017	Live As One	TRUE	TRUE	TRUE	
Richard Niles' Kool Colossus	This World Is Mine	2017	You Can'T Get There From Here	TRUE	TRUE	TRUE	
Richard Niles' Kool Colossus	This World Is Mine	2017	L.A. Existential	TRUE	TRUE	TRUE	
Richard Niles' Kool Colossus	This World Is Mine	2017	You Don'T Know Me	TRUE	TRUE	TRUE	
Richard Niles' Kool Colossus	This World Is Mine	2017	This World Is Mine	TRUE	TRUE	TRUE	
Richard Niles' Kool Colossus	This World Is Mine	2017	Compassion'S In Fashion	TRUE	TRUE	TRUE	
Richard Niles' Kool Colossus	This World Is Mine	2017	Stone Jungle	TRUE	TRUE	TRUE	
Richard Niles' Kool Colossus	This World Is Mine	2017	The 5Th Elephant	TRUE	TRUE	TRUE	
Richard Niles' Kool Colossus	This World Is Mine	2017	The Alligator From West 15Th	TRUE	TRUE	TRUE	
Richard Niles' Kool Colossus	This World Is Mine	2017	Love Don'T Mean A Thing	TRUE	TRUE	TRUE	
Richard Niles' Kool Colossus	This World Is Mine	2017	Scream & Holler	TRUE	TRUE	TRUE	
Richard Niles' Kool Colossus	This World Is Mine	2017	Welcome To My World	TRUE	TRUE	TRUE	
Richard Niles' Kool Colossus	This World Is Mine	2017	Talkin' In Whispers	TRUE	TRUE	TRUE	
Richard Niles' Kool Colossus	This World Is Mine	2017	Tip For A Toreador	TRUE	TRUE	TRUE	
Richard Niles' Kool Colossus	This World Is Mine	2017	Why Is This World So Strange?	TRUE	TRUE	TRUE	
Richard Niles' Kool Colossus	This World Is Mine	2017	Talkin' In Whispers (Japanese Version)	TRUE	TRUE	TRUE	
Paul Carrack	These Days	2018	Amazing	FALSE	TRUE	FALSE	
Paul Carrack	These Days	2018	Dig Deep	FALSE	TRUE	FALSE	
Paul Carrack	These Days	2018	Where Does The Time Go?	FALSE	TRUE	FALSE	
Paul Carrack	These Days	2018	Talk To Me	FALSE	TRUE	FALSE	
"Maiden Voyage Feat. Richard Niles, Chris Madin, Ian Palmer"	Single	2020	2020	TRUE	TRUE	TRUE	
Richard Niles	Niles Smiles	2023	Niles Smiles	TRUE	TRUE	TRUE	
Richard Niles	Niles Smiles	2023	Inside Story	TRUE	TRUE	TRUE	
Richard Niles	Niles Smiles	2023	Miro’s a Hero	TRUE	TRUE	TRUE	
Richard Niles	Niles Smiles	2023	Paraglide	TRUE	TRUE	TRUE	
Richard Niles	Niles Smiles	2023	Zilla Goes Clubbing	TRUE	TRUE	TRUE	
Richard Niles	Niles Smiles	2023	The Truth	TRUE	TRUE	TRUE	
Richard Niles	Niles Smiles	2023	No Miracle	TRUE	TRUE	TRUE	
Richard Niles	Niles Smiles	2023	Adam Gets Even	TRUE	TRUE	TRUE	
Richard Niles	Niles Smiles	2023	Vibraheart	TRUE	TRUE	TRUE	
Richard Niles	Niles Smiles	2023	Flaky Croissants	TRUE	TRUE	TRUE	
Richard Niles	Niles Smiles	2023	Ricky Rocks Out	TRUE	TRUE	TRUE	
Richard Niles	Niles Smiles	2023	Monochrome Velvet	TRUE	TRUE	TRUE	
Richard Niles	Adventures For Cello & Piano	2023	Dreamer Awake	TRUE	TRUE	TRUE	
Richard Niles	Adventures For Cello & Piano	2023	Imperial Quest	TRUE	TRUE	TRUE	
Richard Niles	Adventures For Cello & Piano	2023	Chrome Waterfall	TRUE	TRUE	TRUE	
Richard Niles	Adventures For Cello & Piano	2023	Chase Through Manhatten	TRUE	TRUE	TRUE	
Richard Niles	Adventures For Cello & Piano	2023	Dolphins On Holiday	TRUE	TRUE	TRUE	
Richard Niles	Adventures For Cello & Piano	2023	Blues For D.K.	TRUE	TRUE	TRUE	
Richard Niles	Adventures For Cello & Piano	2023	Sympathy Duet	TRUE	TRUE	TRUE	
Richard Niles	Adventures For Cello & Piano	2023	Only The Beginning	TRUE	TRUE	TRUE	
Richard Niles	Adventures For Cello & Piano	2023	Claire De Lune	TRUE	TRUE	TRUE	
Silvana Sanders	The Rainbow	2024	Usted No Se Da Cuenta	TRUE	FALSE	FALSE	Re-release producer
Silvana Sanders	The Rainbow	2024	Libérame De Tu Prisión	TRUE	FALSE	FALSE	Re-release producer
Silvana Sanders	The Rainbow	2024	Mira Si Te Tengo Amor	TRUE	FALSE	FALSE	Re-release producer
Silvana Sanders	The Rainbow	2024	żSabes? (Canción A Tu Memoria)	TRUE	FALSE	FALSE	Re-release producer
Silvana Sanders	The Rainbow	2024	Que Se Levante El Telón	TRUE	FALSE	FALSE	Re-release producer
Silvana Sanders	The Rainbow	2024	Basta De Guerra	TRUE	FALSE	FALSE	Re-release producer
Silvana Sanders	The Rainbow	2024	żHasta Cuándo Con La Espera?	TRUE	FALSE	FALSE	Re-release producer
Silvana Sanders	The Rainbow	2024	Devuélveme Lo Que Es Mio	TRUE	FALSE	FALSE	Re-release producer
Silvana Sanders	The Rainbow	2024	Dile	TRUE	FALSE	FALSE	Re-release producer
Silvana Sanders	The Rainbow	2024	Sobre El Arcoiris (Over The Rainbow)	TRUE	FALSE	FALSE	Re-release producer
Joe Venuti With Tony Romano	At Gold Star Studios	2025	You Know You Belong To Somebody Else	TRUE	FALSE	FALSE	"Re-mastering, and Liner Notes"
Joe Venuti With Tony Romano	At Gold Star Studios	2025	Feeling Free And Easy	TRUE	FALSE	FALSE	"Re-mastering, and Liner Notes"
Joe Venuti With Tony Romano	At Gold Star Studios	2025	Almost Like Being In Love	TRUE	FALSE	FALSE	"Re-mastering, and Liner Notes"
Joe Venuti With Tony Romano	At Gold Star Studios	2025	Autumn Leaves	TRUE	FALSE	FALSE	"Re-mastering, and Liner Notes"
Joe Venuti With Tony Romano	At Gold Star Studios	2025	I Want To Be Happy	TRUE	FALSE	FALSE	"Re-mastering, and Liner Notes"
Joe Venuti With Tony Romano	At Gold Star Studios	2025	Summertime	TRUE	FALSE	FALSE	"Re-mastering, and Liner Notes"
Joe Venuti With Tony Romano	At Gold Star Studios	2025	I Remember Joe	TRUE	FALSE	FALSE	"Re-mastering, and Liner Notes"
Joe Venuti With Tony Romano	At Gold Star Studios	2025	Angelina	TRUE	FALSE	FALSE	"Re-mastering, and Liner Notes"
Joe Venuti With Tony Romano	At Gold Star Studios	2025	Interview With Tony Romano	TRUE	FALSE	FALSE	"Re-mastering, and Liner Notes"
Joe Venuti With Tony Romano	At Gold Star Studios	2025	Pigeon Toed Joad	TRUE	FALSE	FALSE	"Re-mastering, and Liner Notes"
Joe Venuti With Tony Romano	At Gold Star Studios	2025	I'm A Fool About My Mama	TRUE	FALSE	FALSE	"Re-mastering, and Liner Notes"
